Unnamed: 0,Author,Category,Gender,Quote,Quote_tok,SA,num,count,counts
0,Antonie van Leeuwenhoek,science,M,"I believe that thirty million of these animalcules together would not take up as much room, or be as big, as a coarse grain of sand",I believe thirty million animalcules together would take much room big coarse grain sand,0.0,,1,1
1,Richard Dawkins,science,M,Biology is the study of the complex things in the Universe. Physics is the study of the simple ones,Biology study complex things Universe Physics study simple ones,0.0,,1,1
2,J. B. S. Haldane,science,M,"If physics and biology one day meet, and one of the two is swallowed up, that one will be biology",If physics biology one day meet one two swallowed one biology,0.0,,1,1
3,Aristotle,science,M,"By �life,� we mean a thing that can nourish itself and grow and decay",By life mean thing nourish grow decay,-0.4019,,1,1
4,Har Gobind Khorana,science,M,Everything that human beings or living animals do is done by protein molecules. And therefore the kind of proteins that one has and therefore the ability one has is determined by the genes that one has,Everything human beings living animals done protein molecules And therefore kind proteins one therefore ability one determined genes one,0.7964,,1,1
5,Fred Hoyle,science,M,"Instead of being the biological center of the Universe, I believe our planet is just an assembly station, but one with a major advantage over most other places. The constant presence of liquid water almost everywhere on the Earth is a huge advantage for life, especially for assembling life into complex forms by the process we call evolution",Instead biological center Universe I believe planet assembly station one major advantage places The constant presence liquid water almost everywhere Earth huge advantage life especially assembling life complex forms process call evolution,0.617,,1,1
6,James Watson,science,M,The finding of the double helix thus brought us not only joy but great relief. It was unbelievably interesting and immediately allowed us to make a serious proposal for the mechanism of gene duplication,The finding double helix thus brought us joy great relief It unbelievably interesting immediately allowed us make serious proposal mechanism gene duplication,0.9286,,1,1
7,Francis Crick,science,M,The development of biology is going to destroy to some extent our traditional grounds for ethical belief and it is not easy to see what to put in their place,The development biology going destroy extent traditional grounds ethical belief easy see put place,0.4019,,1,1
8,Stephen Jay Gould,science,M,Nearly 2.5 billion years of prokaryotic cells and nothing else � two-thirds of life�s history in stasis at the lowest level of recorded complexity� Why did life remain at stage 1 for two-thirds of its history if complexity offers such benefits? ,Nearly 2 5 billion years prokaryotic cells nothing else two thirds life history stasis lowest level recorded complexity Why life remain stage 1 two thirds history complexity offers benefits,0.0,,2,2
9,James Lovelock,science,M,"I think it would be quite wrong to suggest that my colleagues have rejected me or that I reject them. Quite the reverse. It�s only a small, vociferous group � mainly biologists, I�m sorry to say � that go beyond ordinary scientific criticism and start becoming personal
",I think would quite wrong suggest colleagues rejected I reject Quite reverse It small vociferous group mainly biologists I sorry say go beyond ordinary scientific criticism start becoming personal,-0.9245,,1,1
10,Rachel Carson,science,F,"This is an era of specialists, each of whom sees his own problem and is unaware of or intolerant of the larger frame into which it fits",This era specialists sees problem unaware intolerant larger frame fits,-0.5423,,1,1
11,Bertrand Russell,science,M,"Why the dinosaurs died out is not known, but it is supposed to be because they had minute brains and devoted themselves to the growth of weapons of offense in the shape of numerous horns",Why dinosaurs died known supposed minute brains devoted growth weapons offense shape numerous horns,-0.4939,,1,1
12,Edmund Beecher Wilson,science,M,Perhaps it is not amiss to remark that the biologist may not hope to solve the ultimate problems of life any more than the chemist and physicist may hope to penetrate the final mysteries of existence in the non-living world,Perhaps amiss remark biologist may hope solve ultimate problems life chemist physicist may hope penetrate final mysteries existence non living world,0.5994,,1,1
13,Alfred Russel Wallace,science,M,"All increasing or dominant species (and it is from these that new species arise) vary considerably, in all their parts, organs and faculties, in every generation",All increasing dominant species new species arise vary considerably parts organs faculties every generation,0.0,,1,1
14,Susumu Ohno,science,M,"Did the genome of our cave-dwelling predecessors contain a set or sets of genes which enable modern man to compose music of infinite complexity and write novels with profound meaning? �It looks as though the early Homo was already provided with the intellectual potential which was in great excess of what was needed to cope with the environment of his time
",Did genome cave dwelling predecessors contain set sets genes enable modern man compose music infinite complexity write novels profound meaning It looks though early Homo already provided intellectual potential great excess needed cope environment time,0.8176,,1,1
15,Auguste Compte,science,M,"The time however has arrived when biology must, like the other sciences, make a fresh start in a purely speculative direction, free from all entanglement with medical or any other art",The time however arrived biology must like sciences make fresh start purely speculative direction free entanglement medical art,0.8425,,1,1
16,Rita Levi-Montalcini,science,F,"Although the alternate �wax and wane� cycles are the rule rather than the exception in all fields of human endeavor, in that of biological sciences the �wane� is all too often indicative of a justified loss of faith in the rational and methodical approach that had at first raised so much hope",Although alternate wax wane cycles rule rather exception fields human endeavor biological sciences wane often indicative justified loss faith rational methodical approach first raised much hope,0.7717,,1,1
17,Stan Ulam,science,M,"I believe that new mathematical schemata, new systems of axioms, certainly new systems of mathematical structures will be suggested by the study of the living world
",I believe new mathematical schemata new systems axioms certainly new systems mathematical structures suggested study living world,0.34,,1,1
18,Shinya Yamanaka,science,M,"Dr. Ikemoto repeatedly told me that we should not perform research that simply reproduced somebody else�s results. Rather, we should do something unique and new",Dr Ikemoto repeatedly told perform research simply reproduced somebody else results Rather something unique new,0.0,,1,1
19,Stephen Jay Gould,science,M,"Evolution is one of the half-dozen shattering ideas that science has developed to overturn past hopes and assumptions, and to enlighten our current thoughts.",Evolution one half dozen shattering ideas science developed overturn past hopes assumptions enlighten current thoughts,0.7269,,2,2
20,Charles Darwin,science,M,"On the principle of successive variations not always supervening at an early age, and being inherited at a corresponding not early period of life, we can clearly see why the embryos of mammals, birds, reptiles, and fishes should be so closely alike, and should be so unlike the adult forms.
",On principle successive variations always supervening early age inherited corresponding early period life clearly see embryos mammals birds reptiles fishes closely alike unlike adult forms,0.5859,,1,1
21,Carl Sagan,science,M,"Our thoughts, visions and fantasies have a physical reality. A thought is made of hundreds of electrochemical impulses",Our thoughts visions fantasies physical reality A thought made hundreds electrochemical impulses,0.2263,,1,1
22,Herbert Maule Richards,science,M,"Botany consists in the gathering of plants, and the dismembering of them, in connection with the use of a complicated terminology. That is the beginning and end of botany as it is understood by the majority",Botany consists gathering plants dismembering connection use complicated terminology That beginning end botany understood majority,0.0,,1,1
23,Svante Arrhenius,science,M,"It is thus probable that germs of the lowest organisms known to us are continually being carried away from the earth and the other planets upon which they exist. As seeds in general, so most of these spores, thus carried away, will no doubt meet death in the cold infinite space of the universe. Yet a small number of spores will fall on some other world, and may there be able to spread life, if conditions be suitable
",It thus probable germs lowest organisms known us continually carried away earth planets upon exist As seeds general spores thus carried away doubt meet death cold infinite space universe Yet small number spores fall world may able spread life conditions suitable,-0.8271,,1,1
24,Margarita Salas,,F,"La mujer ocupará en el mundo científico el puesto que le corresponda de acuerdo con su capacidad, y no necesitaremos cuotas ni nada de eso",La mujer ocupará en el mundo científico el puesto que le corresponda de acuerdo con su capacidad necesitaremos cuotas ni nada de eso,0.0,,5,5
25,Margarita Salas,,F,"Si los jóvenes se van de España, su vuelta es casi imposible",Si los jóvenes se van de España su vuelta es casi imposible,0.0,,5,5
26,Margarita Salas,,F,Si se van es imposible que vuelvan,Si se van es imposible que vuelvan,0.0,,5,5
27,Pepe,,M,hola,hola,0.0,,1,1
28,Margarita ,,F,La mujer,La mujer,0.0,,1,1
29,Margarita Salas,,F,Lo importante es no tener arrugas en el cerebro,Lo importante es tener arrugas en el cerebro,0.0,,5,5
30, Socrates,philosophy,M,The unexamined life is not worth living ,The unexamined life worth living,0.2263,,3,3
31, Ludwig Wittgenstein,philosophy,M,"Whereof one cannot speak, thereof one must be silent ",Whereof one cannot speak thereof one must silent,0.0,,3,3
32, William of Ockham,philosophy,M,Entities should not be multiplied unnecessarily ,Entities multiplied unnecessarily,0.0,,1,1
33, Thomas Hobbes,philosophy,M,"The life of man (in a state of nature) is solitary, poor, nasty, brutish, and short ",The life man state nature solitary poor nasty brutish short,-0.7717,,2,2
34, Ren� Descartes,philosophy,M,"I think therefore I am (Cogito, ergo sum) ",I think therefore I Cogito ergo sum,0.0,,3,3
35, Martin Heidegger,philosophy,M,"He who thinks great thoughts, often makes great errors ",He thinks great thoughts often makes great errors,0.7783,,1,1
36, Gottfried Wilhelm Leibniz,philosophy,M,We live in the best of all possible worlds ,We live best possible worlds,0.6369,,1,1
37, G. W. F. Hegel,philosophy,M,What is rational is actual and what is actual is rational ,What rational actual actual rational,0.0,,3,3
38, Friedrich Nietzsche,philosophy,M,God is dead! He remains dead! And we have killed him. ,God dead He remains dead And killed,-0.9186,,2,2
39, Albert Camus,philosophy,M,"There is but one truly serious philosophical problem, and that is suicide ",There one truly serious philosophical problem suicide,-0.6808,,1,1
40, Heraclitus,philosophy,M,One cannot step twice in the same river ,One cannot step twice river,0.0,,1,1
41, Jeremy Bentham,philosophy,M,The greatest happiness of the greatest number is the foundation of morals and legislation ,The greatest happiness greatest number foundation morals legislation,0.9231,,1,1
42, Bishop George Berkeley,philosophy,M,To be is to be perceived (Esse est percipi),To perceived Esse est percipi,0.0,,1,1
43, Immanuel Kant,philosophy,M,Happiness is not an ideal of reason but of imagination ,Happiness ideal reason imagination,0.7906,,3,3
44, John Locke,philosophy,M,No man's knowledge here can go beyond his experience ,No man knowledge go beyond experience,-0.296,,5,5
45, Niccolo Machiavelli,philosophy,M,"God is not willing to do everything, and thus take away our free will and that share of glory which belongs to us ",God willing everything thus take away free share glory belongs us,0.8779,,1,1
46, John Stuart Mill,philosophy,M,Liberty consists in doing what one desires ,Liberty consists one desires,0.5267,,2,2
47, Bertrand Russell,philosophy,M,It is undesirable to believe a proposition when there is no ground whatever for supposing it true ,It undesirable believe proposition ground whatever supposing true,-0.0258,,4,4
48, Seneca the Younger,philosophy,M,"Even while they teach, men learn ",Even teach men learn,0.0,,2,2
49, Socrates,philosophy,M,"There is only one good, knowledge, and one evil, ignorance ",There one good knowledge one evil ignorance,-0.6124,,3,3
50, Voltaire,philosophy,M,"If God did not exist, it would be necessary to invent Him ",If God exist would necessary invent Him,0.2732,,1,1
51, Bertrand Russell,philosophy,M,This is patently absurd; but whoever wishes to become a philosopher must learn not to be frightened by absurdities ,This patently absurd whoever wishes become philosopher must learn frightened absurdities,-0.3182,,4,4
52, Ren� Descartes,philosophy,M,One cannot conceive anything so strange and so implausible that it has not already been said by one philosopher or another ,One cannot conceive anything strange implausible already said one philosopher another,0.1511,,3,3
53, Thomas Hobbes,philosophy,M,Leisure is the mother of philosophy ,Leisure mother philosophy,0.0,,2,2
54, Ludwig Wittgenstein,philosophy,M,Philosophy is a battle against the bewitchment of our intelligence by means of language ,Philosophy battle bewitchment intelligence means language,0.128,,3,3
55, William James,philosophy,M,"There is only one thing a philosopher can be relied upon to do, and that is to contradict other philosophers ",There one thing philosopher relied upon contradict philosophers,-0.3182,,2,2
56, Aristotle,philosophy,M,"We are what we repeatedly do. Excellence, then, is not an act, but a habit ",We repeatedly Excellence act habit,0.6249,,4,4
57, G. W. F. Hegel,philosophy,M,"Only one man ever understood me, and he didn�t understand me ",Only one man ever understood understand,0.0,,3,3
58, John Locke,philosophy,M,The mind is furnished with ideas by experience alone ,The mind furnished ideas experience alone,-0.25,,5,5
59, S�ren Kierkegaard,philosophy,M,Life must be understood backward. But it must be lived forward  ,Life must understood backward But must lived forward,0.0,,2,2
60, Bertrand Russell,philosophy,M,Science is what you know. Philosophy is what you don't know ,Science know Philosophy know,0.0,,4,4
61, Immanuel Kant,philosophy,M,"Metaphysics is a dark ocean without shores or lighthouse, strewn with many a philosophic wreck ",Metaphysics dark ocean without shores lighthouse strewn many philosophic wreck,-0.4404,,3,3
62, William James,philosophy,M,Philosophy is at once the most sublime and the most trivial of human pursuits ,Philosophy sublime trivial human pursuits,-0.0258,,2,2
63, Thucydides,philosophy,M,History is Philosophy teaching by examples ,History Philosophy teaching examples,0.0,,1,1
64, Aristotle,philosophy,M,"He who is unable to live in society, or who has no need because he is sufficient for himself, must be either a beast or a god ",He unable live society need sufficient must either beast god,0.2732,,4,4
65, Plato,philosophy,M,You can discover more about a person in an hour of play than in a year of conversation ,You discover person hour play year conversation,0.34,,2,2
66, Francis Bacon,philosophy,M,"Things alter for the worse spontaneously, if they be not altered for the better designedly ",Things alter worse spontaneously altered better designedly,-0.0516,,1,1
67,Edmund Burke,philosophy,M,All that is necessary for the triumph of evil is that good men do nothing ,All necessary triumph evil good men nothing,0.1531,,1,1
68, Friedrich Nietzsche,philosophy,M,Is man merely a mistake of God's? Or God merely a mistake of man's? ,Is man merely mistake God Or God merely mistake man,-0.1531,,2,2
69, Bertrand Russell,philosophy,M,I would never die for my beliefs because I might be wrong ,I would never die beliefs I might wrong,0.0119,,4,4
70, Karl Marx,philosophy,M,Religion is the sign of the oppressed ... it is the opium of the people ,Religion sign oppressed opium people,-0.4767,,2,2
71, Aristotle,philosophy,M,Happiness is the highest good ,Happiness highest good,0.7579,,4,4
72, Baruch Spinoza,philosophy,M,"If men were born free, they would, so long as they remained free, form no conception of good and evil ",If men born free would long remained free form conception good evil,0.6249,,1,1
73, Epicurus,philosophy,M,"The greater the difficulty, the more glory in surmounting it ",The greater difficulty glory surmounting,0.5574,,1,1
74, G. W. F. Hegel,philosophy,M,"Whatever is reasonable is true, and whatever is true is reasonable ",Whatever reasonable true whatever true reasonable,0.6808,,3,3
75, Immanuel Kant,philosophy,M,"Morality is not the doctrine of how we may make ourselves happy, but of how we may make ourselves worthy of happiness ",Morality doctrine may make happy may make worthy happiness,0.8807,,3,3
76, Jean-Paul Sartre,philosophy,M,Man is condemned to be free ,Man condemned free,0.1027,,2,2
77, John Locke,philosophy,M,"It is one thing to show a man that he is in error, and another to put him in possession of truth ",It one thing show man error another put possession truth,-0.1027,,5,5
78, Ludwig Wittgenstein,philosophy,M,"I don�t know why we are here, but I�m pretty sure it is not in order to enjoy ourselves ",I know I pretty sure order enjoy,0.8271,,3,3
79, Plato,philosophy,M,"That man is wisest who, like Socrates, realizes that his wisdom is worthless ",That man wisest like Socrates realizes wisdom worthless,0.7269,,2,2
80, Socrates,philosophy,M,The only thing I know is that I know nothing ,The thing I know I know nothing,0.0,,3,3
81, Voltaire (in parody of Leibniz),philosophy,M,All is for the best in the best of all possible worlds ,All best best possible worlds,0.8555,,1,1
82, S�ren Kierkegaard,philosophy,M,"The function of prayer is not to influence God, but rather to change the nature of the one who prays ",The function prayer influence God rather change nature one prays,0.5423,,2,2
83, Jean-Jacques Rousseau,philosophy,M,"Man is born free, but is everywhere in chains ",Man born free everywhere chains,0.5106,,1,1
84, Denis Diderot,philosophy,M,Man will never be free until the last king is strangled with the entrails of the last priest ,Man never free last king strangled entrails last priest,-0.7353,,1,1
85, Ren� Descartes,philosophy,M,"If you would be a real seeker after truth, it is necessary that at least once in your life you doubt, as far as possible, all things ",If would real seeker truth necessary least life doubt far possible things,-0.0516,,3,3
86, Aristotle,philosophy,M,"Happiness lies in virtuous activity, and perfect happiness lies in the best activity, which is contemplative ",Happiness lies virtuous activity perfect happiness lies best activity contemplative,0.9313,,4,4
87, Spinoza,philosophy,M,I can control my passions and emotions if I can understand their nature ,I control passions emotions I understand nature,0.4939,,1,1
88, Karl Marx,philosophy,M,"Philosophers have hitherto only interpreted the world in various ways; the point, however, is to change it ",Philosophers hitherto interpreted world various ways point however change,0.0,,2,2
89, W. K. Clifford,philosophy,M,"It is wrong always, everywhere and for everyone, to believe anything upon insufficient evidence ",It wrong always everywhere everyone believe anything upon insufficient evidence,-0.4767,,1,1
90, Seneca the Younger,philosophy,M,Virtue is nothing else than right reason ,Virtue nothing else right reason,0.4215,,2,2
91, Epictetus,philosophy,M,"Freedom is secured not by the fulfilling of one's desires, but by the removal of desire ",Freedom secured fulfilling one desires removal desire,0.8625,,1,1
92, Anaxagoras,philosophy,M,"In everything, there is a share of everything ",In everything share everything,0.296,,1,1
93, Sir Francis Bacon,philosophy,M,A little philosophy inclineth man's mind to atheism; but depth in philosophy bringeth men�s minds about to religion ,A little philosophy inclineth man mind atheism depth philosophy bringeth men minds religion,0.0,,1,1
94, Democritus,philosophy,M,The brave man is he who overcomes not only his enemies but his pleasures ,The brave man overcomes enemies pleasures,0.4767,,1,1
95, John Locke,philosophy,M,"Good and evil, reward and punishment, are the only motives to a rational creature ",Good evil reward punishment motives rational creature,-0.25,,5,5
96, John Stuart Mill,philosophy,M,"To do as one would be done by, and to love one's neighbor as oneself, constitute the ideal perfection of utilitarian morality ",To one would done love one neighbor oneself constitute ideal perfection utilitarian morality,0.9062,,2,2
97, Jean-Paul Sartre,philosophy,M,"Everything that exists is born for no reason, carries on living through weakness, and dies by accident ",Everything exists born reason carries living weakness dies accident,-0.7096,,2,2
98, Protagoras,philosophy,M,Man is the measure of all things ,Man measure things,0.0,,1,1
99, St. Augustine,philosophy,M,We are too weak to discover the truth by reason alone ,We weak discover truth reason alone,-0.3818,,1,1
100, John Locke,philosophy,M,The mind is furnished with ideas by experience alone ,The mind furnished ideas experience alone,-0.25,,5,5
101,Hipatia de Alejandr�a,philosophy,F,"Defiende tu derecho a pensar, porque incluso pensar de manera err�nea es mejor que no pensar",Defiende tu derecho pensar porque incluso pensar de manera err nea es mejor que pensar,0.0,,1,1
102,Hildegard von Bingen,philosophy,F,"�Oh, fuerza de la sabidur�a que todo contienes y comprendes",Oh fuerza de la sabidur que todo contienes comprendes,0.0,,1,1
103,Christine de Pizan,philosophy,F,"La excelencia o la inferioridad de los seres no residen en sus cuerpos seg�n el sexo, sino en la perfecci�n de sus conductas y virtudes",La excelencia la inferioridad de los seres residen en sus cuerpos seg n el sexo sino en la perfecci n de sus conductas virtudes,0.0,,1,1
104,�milie Marquise du Ch�telet,philosophy,F,El amor al estudio es la pasi�n m�s necesaria para nuestra felicidad; es una fuente de placer inagotable,El amor al estudio es la pasi n necesaria para nuestra felicidad es una fuente de placer inagotable,0.6124,,1,1
105,Olympe de Gouges,philosophy,F,"Mujer, despierta, el llamamiento de la raz�n se hace o�r en todo el universo; reconoce tus derechos",Mujer despierta el llamamiento de la raz n se hace r en todo el universo reconoce tus derechos,0.0,,1,1
106,Mary Wollstonecraft,philosophy,F,"No deseo que las mujeres tengan poder sobre los hombres, sino sobre s� mismas",No deseo que las mujeres tengan poder sobre los hombres sino sobre mismas,-0.296,,1,1
107,Lou Andreas-Salom�,philosophy,F,"No puedo vivir conforme a ejemplos ni voy a representar jam�s un ejemplo para nadie, pero en cambio voy a darle forma a mi propia vida de acuerdo conmigo misma",No puedo vivir conforme ejemplos ni voy representar jam un ejemplo para nadie pero en cambio voy darle forma mi propia vida de acuerdo conmigo misma,-0.296,,1,1
108,Hannah Arendt,philosophy,F,No hay pensamientos peligrosos; el pensamiento es peligroso,No hay pensamientos peligrosos el pensamiento es peligroso,-0.296,,1,1
109,Simone de Beauvoir,philosophy,F,"No se nace mujer, se llega a serlo",No se nace mujer se llega serlo,-0.296,,1,1
110,Simone Weil,philosophy,F,Hay que realizar lo posible para alcanzar lo imposible,Hay que realizar lo posible para alcanzar lo imposible,0.0,,1,1
111,Emily Bront�,Literature,F,Terror made me crue,Terror made crue,-0.5267,,2,2
112,Margaret Atwood,Literature,F,We were the people who were not in the papers. We lived in the blank white spaces at the edges of print. It gave us more freedom. We lived in the gaps between the stories.,We people papers We lived blank white spaces edges print It gave us freedom We lived gaps stories,0.6369,,1,1
113,Charlotte Bront�,Literature,F,Life appears to me too short to be spent in nursing animosity or registering wrongs.,Life appears short spent nursing animosity registering wrongs,-0.4404,,2,2
114,Miguel de Cervantes Saavedra,Literature,M,"Finally, from so little sleeping and so much reading, his brain dried up and he went completely out of his mind",Finally little sleeping much reading brain dried went completely mind,0.0,,1,1
115,�Zora Neale Hurston,Literature,F,"She had waited all her life for something, and it had killed her when it found her.",She waited life something killed found,-0.6705,,1,1
116,Mary Shelley,Literature,F,Nothing is so painful to the human mind as a great and sudden change.,Nothing painful human mind great sudden change,0.296,,2,2
117,Patricia Highsmith,Literature,F,Perhaps it was freedom itself that choked her.,Perhaps freedom choked,0.2732,,1,1
118,Sylvia Plath,Literature,F,"I took a deep breath and listened to the old brag of my heart: I am, I am, I am",I took deep breath listened old brag heart I I I,0.0,,1,1
119,Margery Williams,Literature,F,"Generally, by the time you are Real, most of your hair has been loved off, and your eyes drop out and you get loose in the joints and very shabby. But these things don�t matter at all, because once you are Real you can�t be ugly, except to people who don�t understand.",Generally time Real hair loved eyes drop get loose joints shabby But things matter Real ugly except people understand,-0.4019,,1,1
120,Louisa May Alcott,Literature,F,"I am not afraid of storms, for I am learning how to sail my ship",I afraid storms I learning sail ship,0.0,,1,1
121,Daphne du Maurier,Literature,F,Last night I dreamt I went to Manderley again.,Last night I dreamt I went Manderley,0.0,,1,1
122,Jane Austen,Literature,F,"It is a truth universally acknowledged, that a single man in possession of a good fortune, must be in want of a wife",It truth universally acknowledged single man possession good fortune must want wife,0.6705,,4,4
123,�Margaret Mitchel,Literature,F,"Tomorrow I�ll think of some way to get him back. After all, tomorrow is another day",Tomorrow I think way get back After tomorrow another day,0.0,,1,1
124,�Jane Austen,Literature,F,"You pierce my soul. I am half agony. Half hope. Tell me not that I am too late, that such precious feelings are gone for ever",You pierce soul I half agony Half hope Tell I late precious feelings gone ever,0.5859,,2,2
125,�Donna Tartt,Literature,F,"I had the epiphany that laughter was light, and light was laughter, and that this was the secret of the universe",I epiphany laughter light light laughter secret universe,0.7506,,1,1
126,�Willa Cather,Literature,F,"There are some things you learn best in calm, and some in storm.",There things learn best calm storm,0.7579,,1,1
127,�Betty Smith,Literature,F,"From that time on, the world was hers for the reading. She would never be lonely again, never miss the lack of intimate friends. Books became her friends and there was one for every mood",From time world reading She would never lonely never miss lack intimate friends Books became friends one every mood,0.8378,,1,1
128,Nicole Krauss,Literature,F,"Once upon a time there was a boy who loved a girl, and her laughter was a question he wanted to spend his whole life answering.",Once upon time boy loved girl laughter question wanted spend whole life answering,0.7964,,1,1
129,�Kate Chopin,Literature,F,"The voice of the sea is seductive, never ceasing, whispering, clamoring, murmuring, inviting the soul to wander in abysses of solitude",The voice sea seductive never ceasing whispering clamoring murmuring inviting soul wander abysses solitude,0.3182,,1,1
130,�Jane Austen,Literature,F,"I wish, as well as everybody else, to be perfectly happy; but, like everybody else, it must be in my own way",I wish well everybody else perfectly happy like everybody else must way,0.9349,,2,2
131,�Marilynne Robinson,Literature,F,Love is holy because it is like grace � the worthiness of its object is never really what matters.,Love holy like grace worthiness object never really matters,0.8485,,1,1
132,Edith Wharton,Literature,F,Each time you happen to me all over again.,Each time happen,0.0,,3,3
133,Angie Thomas,Literature,F,Brave doesn�t mean you�re not scared. It means you go on even though you�re scared,Brave mean scared It means go even though scared,-0.34,,1,1
134,�Chimamanda Ngozi Adichie,Literature,F,"How easy it was to lie to strangers, to create with strangers the versions of our lives we imagined",How easy lie strangers create strangers versions lives imagined,0.6124,,1,1
135,Madeleine L�Engle,Literature,F,"Life, with its rules, its obligations, and its freedoms, is like a sonnet: You�re given the form, but you have to write the sonnet yourself.",Life rules obligations freedoms like sonnet You given form write sonnet,0.5719,,1,1
136,Alice Walker,Literature,F,"Time moves slowly, but passes quickly",Time moves slowly passes quickly,0.0,,1,1
137,Amy Tan,Literature,F,Then you must teach my daughter this same lesson. How to lose your innocence but not your hope. How to laugh forever,Then must teach daughter lesson How lose innocence hope How laugh forever,0.7506,,1,1
138,�Suzanne Collins,Literature,F,And may the odds be ever in your favor.,And may odds ever favor,0.4019,,1,1
139,Leo Tolstoy,literature,M,"In his Petersburg world, all people were divided into two completely opposite sorts. One was the inferior sort: the banal, stupid and, above all, ridiculous people who believed that one husband should live with one wife, whom he has married in a church, that a girl should be innocent, a woman modest, a man manly, temperate and firm, that one should raise children, earn one�s bread, pay one�s debts, and other such stupidities. This was an old-fashioned and ridiculous sort of people. But there was another sort of people, the real ones, to which they all belonged, and for whom one had, above all, to be elegant, handsome, magnanimous, bold, gay, to give oneself to every passion without blushing and laugh at everything else.",In Petersburg world people divided two completely opposite sorts One inferior sort banal stupid ridiculous people believed one husband live one wife married church girl innocent woman modest man manly temperate firm one raise children earn one bread pay one debts stupidities This old fashioned ridiculous sort people But another sort people real ones belonged one elegant handsome magnanimous bold gay give oneself every passion without blushing laugh everything else,-0.4809,,1,1
140,D. H. Lawrence,literature,M,I prefer unlucky things. Luck is vulgar. Who wants what luck would bring? I don�t.,I prefer unlucky things Luck vulgar Who wants luck would bring I,0.7184,,2,2
141,Gustave Flaubert,literature,M,"Human speech is like a cracked kettle on which we tap crude rhythms for bears to dance to, while we long to make music that will melt the stars.",Human speech like cracked kettle tap crude rhythms bears dance long make music melt stars,-0.296,,1,1
142,William Golding,literature,M,"They looked at each other, baffled, in love and hate.",They looked baffled love hate,0.128,,1,1
143,Ernest Hemingway,literature,M,"I never liked to hunt, you know. There was always the danger of having a horse fall on you.",I never liked hunt know There always danger horse fall,-0.6939,,1,1
144,Lewis Carroll,literature,M,"�Begin at the beginning,� the King said gravely, �and go on till you come to the end: then stop.�",Begin beginning King said gravely go till come end stop,-0.5719,,1,1
145,Jane Austen,literature,F,I do suspect that he is not really necessary to my happiness.,I suspect really necessary happiness,0.3976,,4,4
146,Joseph Conrad,literature,M,"You can�t breathe dead hippo waking, sleeping, and eating, and at the same time keep your precarious grip on existence.",You breathe dead hippo waking sleeping eating time keep precarious grip existence,-0.6486,,1,1
147,Sophocles,literature,M,"Time, which sees all things, has found you out.",Time sees things found,0.0,,1,1
148,Kate Chopin,literature,F,"They were women who idolized their children, worshiped their husbands, and esteemed it a holy privilege to efface themselves as individuals and grow wings as ministering angels.",They women idolized children worshiped husbands esteemed holy privilege efface individuals grow wings ministering angels,0.8316,,1,1
149,J. D. Salinger,literature,M,"I don�t exactly know what I mean by that, but I mean it.",I exactly know I mean I mean,0.0,,1,1
150,George Orwell,literature,M,"It was curious to think that the sky was the same for everybody, in Eurasia or Eastasia as well as here. And the people under the sky were also very much the same�everywhere, all over the world, hundreds or thousands of millions of people just like this, people ignorant of one another�s existence, held apart by walls of hatred and lies, and yet almost exactly the same�people who had never learned to think but who were storing up in their hearts and bellies and muscles the power that would one day overturn the world.",It curious think sky everybody Eurasia Eastasia well And people sky also much everywhere world hundreds thousands millions people like people ignorant one another existence held apart walls hatred lies yet almost exactly people never learned think storing hearts bellies muscles power would one day overturn world,-0.4939,,1,1
151,John Steinbeck,literature,M,Ever�body�s askin� that. �What we comin� to?� Seems to me we don�t never come to nothin�. Always on the way.,Ever body askin What comin Seems never come nothin Always way,0.0,,1,1
152,Kenneth Grahame,literature,M,"The Mole was a good listener, and Toad, with no one to check his statements or to criticize in an unfriendly spirit, rather let himself go. Indeed, much that he related belonged more properly to the category of what-might-have-happened-had-I-only-thought-of-it-in-time-instead-of-ten-minutes-afterwards.",The Mole good listener Toad one check statements criticize unfriendly spirit rather let go Indeed much related belonged properly category might happened I thought time instead ten minutes afterwards,-0.128,,1,1
153,J. R. R. Tolkien,literature,M,"It�s a dangerous business, Frodo, going out of your door.",It dangerous business Frodo going door,-0.4767,,1,1
154,Kurt Vonnegut,literature,M,"Like so many Americans, she was trying to construct a life that made sense from things she found in gift shops.",Like many Americans trying construct life made sense things found gift shops,0.6597,,2,2
155,Mary Shelley,literature,F,"Beware; for I am fearless, and therefore powerful.",Beware I fearless therefore powerful,0.6908,,2,2
156,Toni Morrison,literature,M,"And they beat. The women for having known them and no more, no more; the children for having been them but never again. They killed a boss so often and so completely they had to bring him back to life to pulp him one more time. Tasting hot mealcake among pine trees, they beat it away. Singing love songs to Mr. Death, they smashed his head. More than the rest, they killed the flirt whom folks called Life for leading them on.",And beat The women known children never They killed boss often completely bring back life pulp one time Tasting hot mealcake among pine trees beat away Singing love songs Mr Death smashed head More rest killed flirt folks called Life leading,0.8166,,1,1
157,Dante Alighieri,literature,M,I saw within Its depth how It conceives,I saw within Its depth It conceives,0.0,,2,2
158,Virginia Woolf,literature,F,All things in a single volume bound by Love,All things single volume bound Love,0.6369,,2,2
159,Albert Camus,literature,M,of which the universe is the scattered leaves.,universe scattered leaves,0.0,,1,1
160,James Joyce,literature,M,"And again she felt alone in the presence of her old antagonist, life.",And felt alone presence old antagonist life,-0.5994,,1,1
161,Jane Austen,literature,F,It was like knocking four quick times on the door of unhappiness.,It like knocking four quick times door unhappiness,-0.2263,,4,4
162,Charlotte Bront�,literature,F,"A certain pride, a certain awe, withheld him from offering to God even one prayer at night, though he knew it was in God�s power to take away his life while he slept and hurl his soul hellward ere he could beg for mercy.",A certain pride certain awe withheld offering God even one prayer night though knew God power take away life slept hurl soul hellward ere could beg mercy,0.8834,,2,2
163,Franz Kafka,literature,M,"Laugh as much as you choose, but you will not laugh me out of my opinion.",Laugh much choose laugh opinion,0.802,,1,1
164,Virginia Woolf,literature,F,"I ask you to pass through life at my side�to be my second self, and best earthly companion.",I ask pass life side second self best earthly companion,0.6369,,2,2
165,Geoffrey Chaucer,literature,M,It is an essential part of the justice dispensed here that you should be condemned not only in innocence but also in ignorance.,It essential part justice dispensed condemned innocence also ignorance,0.1531,,2,2
166,Jack London,literature,M,The world wavered and quivered and threatened to burst into flames.,The world wavered quivered threatened burst flames,-0.4588,,1,1
167,Mark Twain,literature,M,"Who then may trust the dice, at Fortune�s throw?",Who may trust dice Fortune throw,0.5106,,2,2
168,Zora Neale Hurston,literature,F,"When, on the still cold nights, he pointed his nose at a star and howled long and wolf-like, it was his ancestors, dead and dust, pointing nose at star and howling down through the centuries and through him. And his cadences were their cadences, the cadences which voiced their woe and what to them was the meaning of the stillness, and the cold, and dark.",When still cold nights pointed nose star howled long wolf like ancestors dead dust pointing nose star howling centuries And cadences cadences cadences voiced woe meaning stillness cold dark,-0.6808,,1,1
169,F. Scott Fitzgerald,literature,M,"I was a-trembling, because I�d got to decide, forever, betwixt two things, and I knowed it.",I trembling I got decide forever betwixt two things I knowed,-0.3612,,1,1
170,Pierre Choderlos de Laclos,literature,M,There are years that ask questions and years that answer.,There years ask questions years answer,0.0,,1,1
171,Charles Dickens,literature,M,"And so with the sunshine and the great bursts of leaves growing on the trees, just as things grow in fast movies, I had that familiar conviction that life was beginning over again with the summer.",And sunshine great bursts leaves growing trees things grow fast movies I familiar conviction life beginning summer,0.8402,,1,1
172,William Shakespeare,literature,M,I assure you that the world is not so amusing as we imagined.,I assure world amusing imagined,0.6124,,1,1
173,Aldous Huxley,literature,M,Ask no questions and you�ll be told no lies.,Ask questions told lies,-0.4215,,1,1
174,Nathaniel Hawthorne,literature,M,I will wear him,I wear,0.0,,1,1
175,George Eliot,literature,M,"In my heart�s core, ay, in my heart of heart.",In heart core ay heart heart,0.0,,2,2
176,Emily Bront�,literature,F,"Lying in bed, he would think of Heaven and London.",Lying bed would think Heaven London,-0.0258,,2,2
177,William Faulkner,literature,M,"It is a curious subject of observation and inquiry, whether hatred and love be not the same thing at the bottom.",It curious subject observation inquiry whether hatred love thing bottom,0.3182,,1,1
178,Edith Wharton,literature,F,"For years after Lydgate remembered the impression produced in him by this involuntary appeal�this cry from soul to soul, without other consciousness than their moving with kindred natures in the same embroiled medium, the same troublous fitfully-illuminated life.",For years Lydgate remembered impression produced involuntary appeal cry soul soul without consciousness moving kindred natures embroiled medium troublous fitfully illuminated life,-0.6486,,3,3
179,Virgil,literature,M,"Whatever souls are made of, his and mine are the same.",Whatever souls made mine,0.0,,2,2
180,William Makepeace Thackeray,literature,M,"The air brightened, the running shadow patches were now the obverse, and it seemed to him that the fact that the day was clearing was another cunning stroke on the part of the foe, the fresh battle toward which he was carrying ancient wounds.",The air brightened running shadow patches obverse seemed fact day clearing another cunning stroke part foe fresh battle toward carrying ancient wounds,-0.0258,,1,1
181,Doris Lessing,literature,F,"�Do you know�I hardly remembered you?�
�Hardly remembered me?�
�I mean: how shall I explain? I�it�s always so.�Each time you happen to me all over again.�",Do know I hardly remembered Hardly remembered I mean shall I explain I always Each time happen,0.0,,2,2
182,Ralph Ellison,literature,M,In his deepest heart there surge tremendous shame and madness mixed with sorrow and love whipped on by frenzy and a courage aware of its own worth.,In deepest heart surge tremendous shame madness mixed sorrow love whipped frenzy courage aware worth,-0.34,,1,1
183,Harper Lee,literature,M,"So, with their usual sense of justice, ladies argue that because a woman is handsome, therefore she is a fool. O ladies, ladies! there are some of you who are neither handsome nor wise.",So usual sense justice ladies argue woman handsome therefore fool O ladies ladies neither handsome wise,0.4956,,1,1
184,Gabriel Garc�a M�rquez,literature,M,"I was filled with such a dangerous delicious intoxication that I could have walked straight off the steps into the air, climbing on the strength of my own drunkenness into the stars. And the intoxication, as I knew even then, was the recklessness of infinite possibility, of danger, the secret ugly frightening pulse of war itself, of the death that we all wanted, for each other and for ourselves.",I filled dangerous delicious intoxication I could walked straight steps air climbing strength drunkenness stars And intoxication I knew even recklessness infinite possibility danger secret ugly frightening pulse war death wanted,-0.9186,,2,2
185,Virgil,literature,M,"As I made my way home, I thought Jem and I would get grown but there wasn�t much else for us to learn, except possibly algebra.",As I made way home I thought Jem I would get grown much else us learn except possibly algebra,0.0,,2,2
186,Jane Austen,literature,F,Both of them remained floating in an empty universe where the only everyday and eternal reality was love.,Both remained floating empty universe everyday eternal reality love,0.5267,,4,4
187,Kurt Vonnegut,literature,M,"For now the seventh summer carries you,",For seventh summer carries,0.0,,2,2
188,D. H. Lawrence,literature,M,"A wanderer, across the lands and waters.",A wanderer across lands waters,0.0,,2,2
189,Edith Wharton,literature,F,You are never to stir out of doors till you can prove that you have spent ten minutes of every day in a rational manner.,You never stir doors till prove spent ten minutes every day rational manner,0.0,,3,3
190,Doris Lessing,literature,F,"I have this disease late at night sometimes, involving alcohol and the telephone.",I disease late night sometimes involving alcohol telephone,0.0,,2,2
191,Jack Kerouac,literature,M,"Do come back and draw the ferrets, they are the most lovely noble darlings in the world.",Do come back draw ferrets lovely noble darlings world,0.875,,1,1
192,Margaret Mitchell,literature,F,"Once more it was borne in on him that marriage was not the safe anchorage he had been taught to think, but an uncharted voyage on the seas.",Once borne marriage safe anchorage taught think uncharted voyage seas,0.4404,,1,1
193,Gabriel Garc�a M�rquez,literature,M,Time is the River on which the leaves of our thoughts are carried into oblivion.,Time River leaves thoughts carried oblivion,0.0,,2,2
194,Mark Twain,literature,M,"I told Terry I was leaving. She had been thinking about it all night and was resigned to it. Emotionlessly she kissed me in the vineyard and walked off down the row. We turned at a dozen paces, for love is a duel, and looked at each other for the last time.",I told Terry I leaving She thinking night resigned Emotionlessly kissed vineyard walked row We turned dozen paces love duel looked last time,0.7003,,2,2
195,George Eliot,literature,M,"Babies, babies, babies. Why did God make so many babies? But no, God didn�t make them. Stupid people made them.",Babies babies babies Why God make many babies But God make Stupid people made,-0.0516,,2,2
196,Geoffrey Chaucer,literature,M,"Her heart of compressed ash, which had resisted the most telling blows of daily reality without strain, fell apart with the first waves of nostalgia.",Her heart compressed ash resisted telling blows daily reality without strain fell apart first waves nostalgia,0.0382,,2,2
197,Dante Alighieri,literature,M,"Jim said that bees won�t sting idiots, but I didn�t believe that, because I tried them lots of times myself and they wouldn�t sting me.",Jim said bees sting idiots I believe I tried lots times sting,0.0,,2,2
198,Alberto,,M,que duras son las APIs,que duras son las APIs,0.0,,1,1
199,Margarita Salas,,F,De joven era discriminada por ser mujer; hoy por ser mayor,De joven era discriminada por ser mujer hoy por ser mayor,0.0,,5,5
